id_cliente,nome,email,telefone,data_cadastro,ativo
1,Ana,ana@email.com,(11) 90001-0001,2024-01-11 00:00:00,True
2,Bruno,bruno@email.com,(11) 90002-0002,2024-01-21 00:00:00,False
3,Carlos,carlos@email.com,(11) 90003-0003,2024-01-31 00:00:00,True
4,Diana,diana@email.com,(11) 90004-0004,2024-02-10 00:00:00,False
5,Eduardo,eduardo@email.com,(11) 90005-0005,2024-02-20 00:00:00,True
3,Fabio,fabio@email.com,(11) 90006-0006,2024-03-01 00:00:00,False
7,Gabi,gabi@email.com,(11) 90007-0007,2024-03-11 00:00:00,True
8,Heitor,heitor@email.com,(11) 90008-0008,2024-03-21 00:00:00,False
9,Igor,igor@email.com,(11) 90009-0009,2024-03-31 00:00:00,True
10,Julia,julia@email.com,(11) 90010-0010,2024-04-10 00:00:00,False
11,Karla,karla@email.com,(11) 90011-0011,2024-04-20 00:00:00,True
12,Luan,invalido,(11) 90012-0012,2024-04-30 00:00:00,False
13,Maria,maria@email.com,(11) 90013-0013,2024-05-10 00:00:00,True
14,Nina,nina@email.com,(11) 90014-0014,2024-05-20 00:00:00,False
15,Otavio,otavio@email.com,(11) 90015-0015,2024-05-30 00:00:00,True
16,Paula,paula@email.com,(11) 90016-0016,2024-06-09 00:00:00,False
17,Rafa,rafa@email.com,(11) 90017-0017,2024-06-19 00:00:00,True
18,X,sara@email.com,(11) 90018-0018,2024-06-29 00:00:00,False
19,Tiago,tiago@email.com,(11) 90019-0019,2024-07-09 00:00:00,True
20,Vivi,vivi@email.com,(11) 90020-0020,2024-07-19 00:00:00,False
